question,answer
How do I activate international roaming?,Open your carrier app and enable international roaming on your line before travel.
How can I check roaming charges?,Check your active roaming pack and destination rates in your carrier portal.
What should I do if roaming is not working?,Restart your device and reselect the network manually from mobile network settings.
Can I use mobile data while roaming?,Yes if data roaming is enabled and your active plan includes roaming data.
How do I avoid high roaming costs?,Buy a travel pack in advance and disable background data for non-essential apps.
What is the difference between prepaid and postpaid roaming?,Prepaid usually requires a purchased pack while postpaid can charge usage to your monthly bill.
Can I receive OTP messages while roaming?,Yes in most cases incoming SMS for OTP works even without a data plan.
How do I contact support while abroad?,Use in-app chat, email support, or dial the international help number listed by your provider.
How do I check remaining roaming data?,Open your account dashboard to view real-time usage and remaining quota.
When does my roaming plan expire?,Your pack expires at the time/date shown in the purchase confirmation or account page.
